timestamp,query,response
2025-09-19T18:11:09.193046,hi,Consult your nearest agricultural office for expert advice.
2025-09-19T18:11:53.230485,can me advice me above tomato caultivation,Consult your nearest agricultural office for expert advice.
2025-09-19T18:20:01.111065,hi,"Hi there! How can I help you today?
"
2025-09-19T18:20:48.590029,give information adout the apple tree cultivation,"Apple tree cultivation is a complex process influenced by many factors, from choosing the right variety to managing pests and diseases. Here's a breakdown of key aspects:

**1. Choosing the Right Variety:**

* **Climate:**  Apple trees have varying chill hour requirements (the number of hours below 7°C (45°F) needed for proper dormancy and flowering).  Choose varieties suited to your local climate.  Some are adapted to warmer climates with low chill hours, while others need many chill hours.
* **Pollination:** Most apple varieties are not self-pollinating.  You'll need at least two compatible varieties planted close together for successful fruit production.  Check compatibility charts for your chosen varieties.
* **Rootstock:**  Apple trees are grafted onto rootstocks which control the size and maturity of the tree.  Dwarfing rootstocks produce smaller trees, ideal for smaller gardens, while standard rootstocks produce larger trees with higher yields.  Semi-dwarf rootstocks offer a middle ground.
* **Desired Fruit Characteristics:** Consider factors like taste, size, color, texture, storage life, and disease resistance when selecting varieties.

**2. Planting:**

* **Timing:** The best time to plant apple trees is during the dormant season (late fall or early spring), before bud break.
* **Location:** Choose a sunny location with at least 6-8 hours of direct sunlight per day.  Well-drained soil is essential; apples don't tolerate waterlogged conditions.
* **Planting Hole:** Dig a hole twice as wide as the root ball and as deep.  Gently loosen the roots before planting.
* **Soil Preparation:** Amend heavy clay soils with organic matter like compost to improve drainage and aeration.
* **Staking:**  Newly planted trees, especially those on dwarfing rootstocks, often need staking to prevent wind damage.

**3. Ongoing Care:**

* **Watering:**  Consistent watering, especially during dry periods, is crucial, especially for young trees.  Deep, infrequent watering is better than shallow, frequent watering.
* **Fertilizing:**  Young trees benefit from regular fertilization with a balanced fertilizer high in nitrogen.  Mature trees may need less fertilization, depending on soil conditions and yield.  Soil testing can help determine nutrient needs.
* **Pruning:**  Regular pruning is essential for shaping the tree, maintaining productivity, and preventing disease.  Different pruning techniques are used depending on the age and type of tree.  Winter pruning is common.
* **Pest and Disease Management:**  Apples are susceptible to various pests (e.g., codling moths, aphids, mites) and diseases (e.g., scab, fire blight, powdery mildew).  Integrated pest management (IPM) strategies, combining cultural practices, biological controls, and minimal pesticide use, are recommended.  This often includes regular inspection for signs of problems.
* **Thinning Fruit:**  Thinning young fruit early in the season improves fruit size and quality by reducing competition for resources.
* **Mulching:** Applying mulch around the base of the tree helps retain moisture, suppress weeds, and regulate soil temperature.

**4. Harvesting:**

* **Timing:**  Harvesting time varies depending on the variety and climate.  Apples are generally ready when they easily separate from the branch with a gentle twist.
* **Storage:**  Proper storage is essential to extend the shelf life of harvested apples.  Cool, dark, and humid conditions are ideal.


**5. Considerations for Specific Growing Conditions:**

* **High-chill areas:**  Choose varieties with high chill hour requirements.
* **Low-chill areas:**  Select varieties with low chill hour needs.
* **Hot, dry climates:**  Provide adequate irrigation and consider planting in a location with some afternoon shade.
* **Areas with poor soil drainage:**  Improve drainage before planting.


This information provides a general overview.  For more detailed and region-specific information, consult local agricultural extension offices or experienced orchardists. They can provide tailored advice based on your specific location and climate.
"
2025-09-19T18:24:47.151478,give me tomato related informatin,"Tomatoes are a fascinating fruit (botanically speaking, though culinarily we treat them as vegetables) with a rich history and diverse uses. Here's some information broken down into categories:

**Botany & Cultivation:**

* **Botanical Classification:** *Solanum lycopersicum*, belonging to the nightshade family (Solanaceae), which also includes potatoes, eggplants, and peppers.
* **Origin:**  Native to the Andes region of South America.
* **Cultivation:** Grown worldwide in a wide variety of climates, from temperate to tropical.  They require plenty of sunlight, well-drained soil, and regular watering.  Many different cultivars exist, ranging in size, shape, color (red, yellow, orange, purple, green, black), and flavor profile.  They can be grown in the ground, in raised beds, or in containers.
* **Growth Habit:**  Indeterminate varieties continue to grow and produce fruit until frost, while determinate varieties have a more compact growth habit and produce fruit over a shorter period.

**Nutritional Information:**

* **Vitamins & Minerals:** Excellent source of Vitamin C, Vitamin K, Potassium, and folate.  Also contains smaller amounts of other vitamins and minerals.
* **Lycopene:**  A powerful antioxidant, responsible for the red color in many tomato varieties, linked to various health benefits.  Cooked tomatoes have higher lycopene bioavailability than raw tomatoes.
* **Low in Calories:** Relatively low in calories, making them a healthy addition to many diets.

**Culinary Uses:**

* **Versatility:** Tomatoes are incredibly versatile and used in countless dishes worldwide.
* **Fresh:** Used in salads, salsas, sandwiches, and as a garnish.
* **Processed:** Used in sauces, ketchups, pastes, juices, soups, and many other processed foods.
* **Cooking Methods:** Can be eaten raw, cooked, grilled, roasted, fried, or pickled.

**Health Benefits (Note:  Consult a doctor for health advice):**

* **Antioxidant Properties:**  The lycopene and other antioxidants in tomatoes are linked to reduced risk of certain cancers, heart disease, and other chronic illnesses.  However, more research is needed to confirm these benefits.
* **Rich in Vitamins & Minerals:**  Contributes to overall health and well-being due to its vitamin and mineral content.

**Interesting Facts:**

* **The Tomato Controversy:**  Initially considered poisonous in Europe, tomatoes were slow to gain acceptance in the culinary world.
* **Varieties:** Thousands of different tomato varieties exist, each with unique characteristics.
* **Heirloom Tomatoes:**  Open-pollinated varieties that have been passed down through generations, often with unique flavors and appearances.


This is just a brief overview.  If you have a more specific question about tomatoes (e.g., growing techniques, specific nutritional data, recipes), feel free to ask!
"
2025-09-19T18:28:09.479065,टमाट्याबद्दल (Tomato) मराठीत माहिती अशी आहे:,"टमाटा (Tomato) हा एक फळ असून, जगभरातील अनेक पदार्थांमध्ये त्याचा वापर केला जातो.  त्याची लागवड मोठ्या प्रमाणात केली जाते आणि तो एक महत्त्वाचा शेती पिक आहे.  टमाट्याबद्दल अधिक माहिती अशी:

**वनस्पतीशास्त्र:**

* **वैज्ञानिक नाव:** *Solanum lycopersicum*
* **कुळ:** Solanaceae (रात्रि कुळ)
* **प्रकार:** वार्षिक किंवा बहुवार्षिक (हवामानानुसार)  लता वनस्पती
* **फळ:** गूढ, गोल, लांबट, किंवा इतर विविध आकारांचे असते. रंग लाल, पिवळा, हिरवा, काळा इत्यादी विविध असतात.

**पोषण मूल्य:**

* टमाटे हे विटामिन सी, पोटॅशियम आणि लायकोपीनचे उत्तम स्रोत आहेत.
* लायकोपीन हे एक शक्तिशाली अँटीऑक्सिडंट आहे जे आरोग्यासाठी फायदेशीर आहे.
* ते फायबर, विटामिन A, विटामिन K, आणि इतर खनिजे देखील प्रदान करतात.

**उपयोग:**

* टमाटे अनेक प्रकारे वापरले जातात: कच्चे सलाडमध्ये, सूपमध्ये, चटणीमध्ये, सॉसमध्ये, पॅस्टामध्ये, पिझ्झामध्ये आणि अनेक इतर पदार्थांमध्ये.
* टोमॅटो ज्यूस, टोमॅटो केचप, टोमॅटो पेस्ट आणि अनेक इतर प्रक्रिया केलेले उत्पादने टमाट्यापासून बनवले जातात.
* काही प्रकारच्या टमाट्या भाजण्यासाठी वापरले जातात तर काही आंबट चटणीत वापरले जातात.

**लागवड:**

* टमाट्याची लागवड उष्ण आणि समशीतोष्ण हवामान क्षेत्रांमध्ये केली जाते.
* त्यांना भरपूर सूर्यप्रकाश आणि नीट निचरा होणारी माती लागते.
* नियमित पाणी पिण्याची आवश्यकता असते.
* कीटक आणि रोगांपासून संरक्षण करणे आवश्यक आहे.

**विविधता:**

टमाट्याच्या अनेक जाती आणि प्रकार उपलब्ध आहेत, ज्यांचे आकार, आकार, रंग आणि चव यांमध्ये भिन्नता असते. काही लोकप्रिय प्रकार म्हणजे चेरी टमाटे, अंगूर टमाटे, बीफस्टेक टमाटे आदी.


हे माहितीचे संक्षिप्त स्वरूप आहे.  टमाट्यांबद्दल अधिक विशिष्ट माहिती हवी असल्यास, कृपया अधिक स्पष्ट प्रश्न विचारा.  उदा. टमाट्याच्या लागवडीची पद्धती, टमाट्यातील पोषण तत्वांचे प्रमाण किंवा विशिष्ट टमाट्याच्या जातीची माहिती.
"
2025-09-19T18:28:56.350551,give me tomato related informatin,"Let's explore some tomato-related information, categorized for easier reading:

**Botany & Classification:**

* **Scientific Name:** *Solanum lycopersicum*
* **Family:** Solanaceae (nightshade family – related to potatoes, eggplants, and peppers)
* **Type:**  A fruit (botanically speaking, though culinarily considered a vegetable)
* **Origin:**  The Andes region of South America
* **Growth Habit:**  Vining plant, often needing support (stakes, cages)

**Cultivation & Varieties:**

* **Climate:**  Warm weather is crucial.  Tomatoes need plenty of sunshine.
* **Soil:**  Well-drained, fertile soil is essential.
* **Varieties:**  Thousands of varieties exist, ranging in size, shape, color (red, yellow, orange, purple, green, black), and flavor profile (sweet, acidic, savory).  Examples include heirloom varieties, cherry tomatoes, beefsteak tomatoes, Roma tomatoes.
* **Propagation:** Grown from seed (started indoors often) or by transplanting seedlings.

**Nutritional Information (per 100g, approximate):**

* **Vitamins:**  Rich in Vitamin C, Vitamin K, Vitamin A (as beta-carotene)
* **Minerals:**  Good source of potassium, manganese, and phosphorus.
* **Antioxidants:** Contains lycopene, a powerful antioxidant linked to various health benefits.
* **Low in Calories:** Relatively low in calories.

**Culinary Uses:**

* **Raw:** In salads, sandwiches, salsa
* **Cooked:**  Soups, sauces (like marinara, ketchup), stews, pasta dishes, pizza, roasted, fried.
* **Preserved:** Canning, pickling, drying, freezing.

**Health Benefits (potential, consult a doctor for personalized advice):**

* **Rich in antioxidants:**  May help protect against certain diseases.  Lycopene is particularly linked to potential heart and cancer benefits.
* **Good source of vitamins and minerals:** Contributes to overall health.
* **May improve digestive health:**  High fiber content.


**Pests & Diseases:**

* **Common pests:** Aphids, whiteflies, tomato hornworms, spider mites.
* **Common diseases:** Blight (early and late), fusarium wilt, verticillium wilt.


This provides a good overview.  If you have a more specific question about tomatoes, feel free to ask!
"
2025-09-19T19:30:49.368687,how are you,Consult your nearest agricultural office for expert advice.
2025-09-19T19:31:05.835452,drip irrigation,Ensure drip irrigation and avoid overwatering.
2025-09-19T19:53:10.098033,hello sir,Consult your nearest agricultural office for expert advice.
2025-09-19T19:55:42.535152,hi,Consult your nearest agricultural office for expert advice.
2025-09-19T19:55:50.594768,how are you,Consult your nearest agricultural office for expert advice.
2025-09-19T19:56:34.077140,hi,Consult your nearest agricultural office for expert advice.
2025-09-19T19:56:44.050379,drip irrigation,Ensure drip irrigation and avoid overwatering.
2025-09-19T19:59:33.702978,hi,"Hi there! How can I help you today?
"
2025-09-19T20:00:06.651985,can you explain about drip irrigation,"Drip irrigation is a water-efficient micro-irrigation system that delivers water directly to the roots of plants through a network of tubes and emitters.  Instead of spraying water over a large area like traditional sprinkler systems, drip irrigation slowly releases small amounts of water, drop by drop, at the base of each plant. This targeted approach minimizes water waste and maximizes its effectiveness.

Here's a breakdown of its key components and benefits:

**Components of a Drip Irrigation System:**

* **Water Source:** This can be a well, municipal water supply, or a rainwater harvesting system.
* **Filter:**  Essential to remove debris and sediment that could clog the emitters.  Various filter types exist, depending on the water quality and system size.
* **Pressure Regulator:**  Maintains consistent water pressure throughout the system, preventing damage to the emitters and ensuring even water distribution.
* **Mainline:** The largest pipe in the system, distributing water from the source to smaller laterals.  Often made of PVC or polyethylene.
* **Laterals:** Smaller pipes branching off the mainline, delivering water directly to the plants.
* **Emitters (Drippers):** Devices that release water slowly and consistently at the base of each plant.  Various types exist, including pressure-compensating drippers (deliver consistent flow regardless of pressure changes), in-line drippers (installed along the lateral), and pressure-compensating drippers (deliver consistent flow regardless of elevation changes).
* **End Caps and Connectors:** Used to seal off the ends of laterals and connect different components of the system.


**Benefits of Drip Irrigation:**

* **Water Conservation:** The most significant advantage.  Water is delivered directly to the roots, minimizing evaporation and runoff. This can save up to 50% or more water compared to traditional methods.
* **Improved Water Use Efficiency:** Plants receive the exact amount of water they need, reducing water stress and promoting healthy growth.
* **Reduced Weed Growth:**  Since only the plants are watered, weed growth is suppressed in the immediate vicinity of the plants.
* **Increased Yields:**  Consistent moisture supply leads to healthier plants and higher yields.
* **Nutrient Delivery:**  Fertilizers can be dissolved in the irrigation water (fertigation), delivering nutrients directly to the plant roots. This improves fertilizer use efficiency and reduces environmental impact.
* **Reduced Labor Costs:** Less time is spent watering, especially compared to hand-watering large areas.
* **Better Soil Health:**  Drip irrigation can help to improve soil structure and prevent soil erosion.
* **Suitable for various terrains:** Can be adapted to sloped and uneven terrain.


**Disadvantages of Drip Irrigation:**

* **Higher Initial Cost:** Setting up a drip irrigation system requires a larger upfront investment compared to simpler systems.
* **Maintenance:**  Regular cleaning and maintenance are necessary to prevent clogging of emitters, especially in areas with high sediment content in the water.
* **Clogging:**  This is a common problem, requiring regular flushing and filter maintenance.
* **Not ideal for all plants:**  Some plants with shallow root systems may not benefit fully from drip irrigation.
* **Potential for emitter damage:**  Physical damage from rodents, rocks, or heavy equipment can disrupt the system.


Overall, drip irrigation offers significant advantages for water conservation and efficient crop production, making it a popular choice for both residential gardens and large-scale agricultural operations. However, careful planning and regular maintenance are crucial for the system's success.
"
2025-09-19T20:18:05.421338,hello,"Hello there! How can I help you today?
"
2025-09-19T20:45:22.801047,hii,"Hi there! How can I help you today?
"
2025-09-19T21:02:37.896861,drip irrigation,"Drip irrigation is a type of micro-irrigation system that delivers water directly to the roots of plants through a network of tubes and emitters.  It's a highly efficient and water-conserving method compared to traditional irrigation techniques like flood or sprinkler irrigation. Here's a breakdown of its key aspects:

**How it works:**

* **Water Source:**  Water is drawn from a source (well, municipal supply, reservoir) and pumped to a filter.
* **Filtering:**  A filter removes debris that could clog the emitters.
* **Pressure Regulation:**  A pressure regulator maintains consistent water pressure throughout the system.
* **Distribution Network:**  A network of pipes and tubing distributes water throughout the field.
* **Emitters:**  Small emitters, strategically placed near the plants' roots, release water slowly and directly onto the root zone.  These can be in-line emitters, drippers, or bubblers.
* **Control System:**  This can range from simple manual valves to sophisticated automated systems that control water flow based on weather data and soil moisture sensors.

**Advantages of Drip Irrigation:**

* **Water Conservation:**  Significantly reduces water waste by delivering water directly to plants, minimizing evaporation and runoff.
* **Increased Efficiency:**  Water is used more efficiently, leading to better plant growth and higher yields.
* **Reduced Weed Growth:**  The targeted water application keeps the soil surface dry, suppressing weed growth.
* **Improved Soil Structure:**  Reduced soil compaction due to the absence of heavy machinery or surface watering.
* **Nutrient Delivery:**  Fertilizers can be mixed with the irrigation water (fertigation) for precise nutrient application.
* **Suitable for various crops:**  Can be used for a wide range of crops, including vegetables, fruits, trees, and landscaping.
* **Reduced Labor Costs:**  Automation reduces the manual labor involved in irrigation.


**Disadvantages of Drip Irrigation:**

* **Higher Initial Cost:**  The initial investment for the system can be higher than for other irrigation methods.
* **Clogging:**  Emitters can become clogged by sediment or debris, requiring regular maintenance and cleaning.
* **Uneven Distribution:**  If not properly designed or maintained, water distribution can be uneven.
* **Susceptible to Freezing:**  In colder climates, the pipes may freeze and burst, requiring winterization measures.
* **Pest and Disease Problems:**  The consistently moist conditions near the plants can sometimes increase pest and disease problems if not properly managed.
* **Soil Salinity:**  In arid and semi-arid regions, improper management can lead to salt buildup in the soil.


**Types of Drip Irrigation:**

* **Surface drip:**  Emitters are placed on the soil surface.
* **Subsurface drip:**  Emitters are buried beneath the soil surface.  This reduces evaporation and weed growth.
* **Trickle irrigation:**  Uses simple gravity-fed systems with limited pressure.


Drip irrigation is a valuable tool for efficient and sustainable water management in agriculture and landscaping.  The choice of system depends on factors such as the type of crop, soil conditions, water availability, and budget.
"
